barcode; name; 
1029755774706; Energies Combined Dubstep; 
1035272612506; Energies Combined Jolig; 
1027278340408; Energies Combined Aphex; 
1033485361709; Energies Combined Goa; 
1015156566309; Energies Combined Spaced Out; 
1015995646507; Energies Combined TripHop; 
1013717320803; Energies Combined Distortion; 
1049813743406; Energies Combined Hard Trance; 
1048412212702; Energies Combined Angerfist; 
1024781357800; Energies Combined Ambient Dark; 
1030004477606; Energies Combined Techno Driving; 
1036151495302; Energies Combined Techno; 
1015283460402; Energies Combined Slow-Down; 
1042938654602; Energies Combined Techno Hard; 
1035716572205; Energies Combined Disco Dark ; 
1025077259907; Energies Combined Laza Explosion; 
1021979880904; Energies Combined Tribal Dance; 
1051113150303; Energies Combined Techno Melodic Vibey; 
1027364365001; Energies Combined HipHop; 
1041266457008; Energies Combined Rave; 
1042858535401; Energies Combined Embrace the Black Coffee; 
1039504830102; Energies Combined Electro Jazz; 
1012819290205; Energies Combined Break n Bounce Mellow and easy; 
1033859664306; Energies Combined Cumbia; 
1032707050407; Energies Combined Zwoel; 
1040135146401; Energies Combined Hardcore UK; 
1021123091903; Energies Combined Jungle; 
1037479895904; Energies Combined Techno Detailed; 
1045095642802; Energies Combined Jass; 
1039436364607; Energies Combined Techno Minimal; 
1015430144100; Energies Combined Black Out; 
1036229261600; Energies Combined New Beat; 
1047848285502; Energies Combined Robert Miles; 
1040595821009; Energies Combined Early Hardstyle; 
1014086120506; Energies Combined Jamie XX; 
1051581975408; Energies Combined Disco and Old House, Hi NRG; 
1035054550408; Energies Combined World; 
1010870696608; Energies Combined Belgian Techno; 
1025881662405; Energies Combined Crazy; 
1048827971003; Energies Combined Mellow; 
1053890549004; Energies Combined Stringray; 
1043239383505; Energies Combined Break n Bounce; 
1040598915200; Energies Combined Kletzmer Oost europa; 
1040397034706; Energies Combined 2/4; 
1036014311008; Energies Combined Hype; 
1040025824204; Energies Combined Housey; 
1025545355308; Energies Combined Reggae; 
1025712563505; Energies Combined Bass; 
1064149475104; Energies Combined Trance; 
1097335070807; Energies Combined Huib; 
1042564838100; Energies Combined Weird Undancable SHIT; 
1034850633803; Energies Combined Swing; 
1039179534008; Energies Combined Techno Melodic; 
1042593433604; Energies Combined Techno Old School; 
1045801914001; Energies Combined Tipper; 
1048063249102; Energies Combined Ambient Rithmic; 
1030191012406; Energies Combined Partiboy 69; 
1032339140408; Energies Combined Goa Driving Acid; 
1051242024803; Energies Combined Ambient Bright; 
1027680378303; Energies Combined Particulierement; 
1025321353702; Energies Combined Pop; 
1026530155705; Energies Combined Alle Kanten Uit; 
1023147123806; Energies Combined Rita; 
1029405132405; Energies Combined Acid and Driving Synth; 
1036888869902; Energies Combined Th Mole; 
1024541462904; Energies Combined Hardcore NL; 
1041318488509; Energies Combined IDM; 
